dual,count
تحسين,3927
الانسان,2012
لتحسين,1902
لضمان,1792
القوانين,1527
القران,1511
وتحسين,1359
وضمان,808
ضمان,647
العاملين,602
الباحثين,583
التامين,500
الموظفين,485
المسلمين,465
المتعلمين,460
المعلمين,432
قوانين,411
وبين,393
السودان,355
المواطنين,344
المستهلكين,332
للباحثين,323
تبين,304
البلدان,304
بشان,300
وهران,298
اللاعبين,298
العشرين,295
المشاركين,280
الضمان,269
والقوانين,262
الزوجين,259
المكان,256
المراهقين,249
الاخرين,226
المهاجرين,224
هذين,224
الجنسين,220
مجموعتين,220
المستثمرين,215
القرنين,211
والباحثين,210
السكان,208
للعاملين,200
البلدين,183
وكان,175
المعاصرين,173
للقوانين,172
للمواطنين,170
تلمسان,170
التمكين,165
معين,161
بعين,158
تمكين,154
المفكرين,145
للمعلمين,143
الباحثان,142
للانسان,140
القطاعين,139
للموظفين,133
العمران,133
للمتعلمين,129
الاعلان,129
الطرفين,126
البرلمان,126
والمهتمين,125
البارزين,123
للقران,123
تامين,122
للمستثمرين,122
والعشرين,118
المسؤولين,117
بلدان,116
الامان,115
المعاقين,112
المجرمين,112
الزمان,111
والدين,111
المسنين,110
والمعلمين,104
مضامين,102
للمستهلكين,101
المستخدمين,100
النظامين,99
يتعين,99
تضمين,97
والمكان,97
المتمدرسين,95
الائتمان,90
المجموعتين,90
السلطان,89
ايران,89
والامان,88
جبران,86
المهتمين,84
سكان,83
المستفيدين,82
المصابين,82
المحدثين,81
المؤرخين,81
اللاجئين,80
التحسين,79
للدين,78
فقدان,78
المتغيرين,76
المتعاملين,76
الناطقين,75
لتمكين,75
العرفان,74
الجانبين,74
الفاعلين,74
فلسطين,73
المرابطين,72
بتحسين,72
التضمين,69
مبحثين,67
باختين,66
والمحدثين,66
اركان,66
لجان,65
المضامين,65
المتخصصين,64
المفسرين,64
تقنين,64
للمسلمين,63
البطلان,63
المتضررين,63
درجتين,63
للسكان,62
ميدان,61
معان,61
والممارسين,61
قسمين,61
المساهمين,61
المحاسبين,60
للتحسين,59
الامتحان,58
الموهوبين,58
المكفوفين,58
سلطان,58
الوالدين,57
والمستثمرين,57
اليقظان,57
المجالين,57
يبين,55
رئيسيتين,54
التمارين,54
وتامين,54
الميدان,52
فكان,52
والموظفين,52
المتقاضين,52
الدارسين,52
الحسين,52
لتامين,51
وتبين,50
المدين,50
حسين,50
اللسان,50
المكلفين,50
واللاعبين,50
وقوانين,50
المدربين,50
للاعبين,50
المستشرقين,50
التهجين,50
محورين,49
بالقوانين,48
الثقافتين,48
المتهمين,48
وتمكين,47
الصعيدين,46
الهجين,46
اتقان,45
والمفكرين,45
هاتين,44
المرشدين,44
للمسؤولين,44
امين,44
المختصين,44
اللغتين,43
المشاهدين,43
السرطان,43
الدولتين,43
الاسكان,43
الموحدين,42
بارزين,42
المديرين,41
لاعبين,41
التمان,41
الايمان,40
النوعين,40
اللذين,39
اليونان,39
المتلقين,38
والمستهلكين,38
اليقين,38
مقياسين,38
الجنين,37
ولبنان,37
نوعين,37
الفنان,37
الدائنين,36
للناطقين,36
والزمان,36
اخرين,36
تمارين,36
معلمين,35
وميزان,35
الرحمان,35
الاسبان,35
والمدربين,35
ومكان,35
مستخدمين,34
الممرضين,34
والمواطنين,34
والمسلمين,34
بيرلمان,34
القائمين,34
انسان,34
للبلدان,34
للمستخدمين,33
المترجمين,33
المثقفين,33
اللعان,33
الونان,33
والذين,33
الطيران,33
المؤلفين,32
الغرفتين,32
المشرعين,32
ميادين,32
للمكان,32
جانبين,32
الميزان,31
والدارسين,31
والانسان,31
حسان,31
المقيمين,31
معتمدين,30
المتعاقدين,30
والمتعلمين,30
عمران,30
المبدعين,30
والمسؤولين,30
طرفين,29
مسؤولين,29
الاوزان,29
بالقران,29
المنهجين,29
المخالفين,29
والبراهين,29
لقوانين,29
المنافسين,29
الناشئين,29
بضمان,29
كضمان,28
الاحسان,28
برلين,28
للمشرعين,28
السلاطين,28
للتامين,28
الحنين,28
والعاملين,28
السمان,28
المراجعين,27
المعتدين,27
المنتجين,27
مختصين,27
المستمعين,27
والاسكان,27
اللجان,27
والممرضين,27
المتحدثين,27
العالمين,27
مدين,26
قادرين,26
المدرسين,26
موزعين,26
البعدين,26
الوافدين,25
ترجمان,25
الممارسين,25
قزمان,25
يلعبان,25
الاتقان,25
وفقدان,25
والتحسين,25
الاثنين,24
موباسان,24
للمؤرخين,24
الاركان,24
المحترفين,24
بتامين,24
والمتخصصين,24
وفلسطين,24
السائقين,24
امتحان,24
والسودان,24
متخصصين,23
والمختصين,23
المدققين,23
الراشدين,23
المذهبين,23
للمدربين,23
لسكان,23
المصطلحين,23
والموحدين,23
الفريقين,23
العلمين,23
اعلان,23
امان,23
االنسان,23
غليزان,23
المخاطبين,23
والتمكين,23
المحققين,22
المعتمدين,22
مستندين,22
المختلفين,22
للممارسين,22
البالغين,22
طوقان,22
المؤمنين,22
مفكرين,22
والمديرين,22
المقبلين,22
الفرقان,21
المتاخرين,21
رولان,21
المرشحين,21
بعدين,21
الاقران,21
اذهان,21
والمثقفين,21
يتبين,21
بالعمران,21
المتقدمين,21
البرهان,21
والمشرعين,21
الناحيتين,21
الميادين,20
العقدين,20
يعتبران,20
نموذجين,20
بالمكان,20
بقوانين,20
البحرين,20
المنفذين,20
والمستشرقين,20
مؤكدين,20
والقران,20
وامان,20
المتميزين,20
والمربين,20
الشركتين,20
بطلان,20
والمشرفين,20
المنطقتين,20
المرحلتين,19
الرهبان,19
شيبان,19
والايمان,19
للمتهمين,19
الامين,19
والمضامين,19
الحقين,19
والمدققين,19
توطين,18
والمحامين,18
هيرشمان,18
الياسمين,18
المفهومين,18
لامين,18
يشكلان,18
السلطتين,18
اللازمين,18
للرجلين,18
مسلطين,18
السابقين,18
المربين,18
والوجدان,18
المعرضين,18
المتفوقين,18
تثمين,18
التشريعين,18
الجنان,17
النهجين,17
السنان,17
ايكجان,17
متكافئتين,17
ياسين,17
المتاثرين,17
المسجلين,17
بالانسان,17
مدرستين,17
للمتعاملين,17
يعدان,17
للمتقاضين,17
الزيبان,16
المهجرين,16
الجانحين,16
للمهتمين,16
والاعلان,16
المنخرطين,16
والحرمان,16
الاتجاهين,16
المهان,16
المسيرين,16
مفهومين,16
رهان,16
الوجدان,16
للطرفين,16
للمراهقين,16
للمستفيدين,16
العينتين,16
الحرمان,16
ابان,16
لايران,16
منظورين,16
والمستفيدين,15
الاسلوبين,15
موظفين,15
المعوقين,15
متين,15
بوهران,15
اللتين,15
واليقين,15
ولان,15
والمؤرخين,15
المهرجان,15
متغيرين,15
الشيطان,15
المنظورين,15
المجاهدين,15
والسكان,15
جلستين,15
والمتعاملين,15
الاستيطان,15
مجالين,15
لهذين,15
المهنتين,15
حرمان,15
متساويتين,14
المهندسين,14
هذان,14
الاختبارين,14
والتابعين,14
ائتمان,14
مختلفين,14
الايالتين,14
للسودان,14
عنصرين,14
للتضمين,14
مؤهلين,14
للفلين,14
المصدرين,14
المبحوثين,14
بتلمسان,14
للضمان,14
النصين,14
روايتين,14
بمكان,14
يستعين,14
الامكان,14
للمساهمين,14
محاولين,14
مازافران,14
المستعمرين,13
اساسيتين,13
عنصران,13
والمدين,13
والمفسرين,13
للوالدين,13
وتخزين,13
والمرابطين,13
المقاتلين,13
العامين,13
اتجاهين,13
اقتصاديتين,13
العاطلين,13
تلقين,13
الصالحين,13
الثلثين,13
سلاطين,13
المودعين,13
اداتين,13
للمشاركين,13
مرتين,13
بامكان,13
المشرفين,13
الحرمين,13
للشركتين,13
التلقين,13
المتبرعين,13
الروايتين,13
الكتابين,13
والتضمين,13
يؤثران,13
الخريجين,13
المتابعين,13
عدنان,13
للفنان,13
مقسمين,12
يعين,12
لوتمان,12
فترتين,12
والحنين,12
مطلبين,12
للدارسين,12
القانونين,12
القياسين,12
الفترتين,12
الاطارين,12
الخاضعين,12
مركزين,12
مؤسستين,12
المؤسستين,12
الشاعرين,12
مصابين,12
السياقين,12
شعلان,12
الكاتبين,12
اثنين,12
الزوجان,12
مختلفتين,12
للمرشدين,12
متكاملين,12
منهجين,12
للمتخصصين,12
المصلحين,12
المدرستين,12
المتربصين,12
للمجاهدين,12
للمهاجرين,12
الحضارتين,12
تستعين,12
الرهان,12
والمحتاجين,12
الريحان,11
حدين,11
للمديرين,11
المباشرين,11
مؤرخين,11
الالبان,11
الفئتين,11
الازمان,11
ويبين,11
الطرفان,11
المحتملين,11
برهان,11
يمثلان,11
المفتين,11
استبيانين,11
الاكسجين,11
جدران,11
السنين,11
والريحان,11
القابلين,11
الناقدين,11
يساهمان,11
للمجرمين,11
الازمتين,11
والرهان,11
الناخبين,11
المتورطين,11
رصين,11
المتكلمين,11
الاخيرين,11
الشفتين,11
ولضمان,11
ومسؤولين,11
شهرين,10
والبلدان,10
القادرين,10
فاعلين,10
والمتاخرين,10
بالموظفين,10
للبطلان,10
الخلان,10
حالتين,10
الحاملين,10
الحالتين,10
معاصرين,10
الولايتين,10
ودين,10
احتضان,10
كنموذجين,10
للناشئين,10
الموثقين,10
للاستيطان,10
المنقذين,10
وعمان,10
الرصين,10
مرحلتين,10
بالدين,10
الشريفين,10
صعبين,10
تعين,10
يعانين,10
المصلين,10
عاملين,10
لوهران,10
والمنتجين,10
ومعان,10
وايران,10
المستهدفين,10
القاصرين,10
جزئين,10
والغيلان,9
تجريبيتين,9
المخترعين,9
ظاهرتين,9
بتضمين,9
للمختصين,9
التخصصين,9
والرومان,9
اللذان,9
امراتان,9
النعمان,9
تعتبران,9
الفرعين,9
للمضامين,9
للقائمين,9
المستحقين,9
المحامين,9
المتنافسين,9
بحمان,9
بالاخرين,9
للدائنين,9
المدينين,9
المالكين,9
واخرين,9
يقظان,9
المقاولين,9
مقاربتين,9
كدين,9
المدافعين,9
الكثيرين,9
البطالين,9
موضحين,9
واليابان,9
اكان,9
لمضامين,9
المزورين,9
الطورين,9
ممثلين,9
المحتاجين,9
السنتين,9
والبرهان,9
الاخيرتين,9
للاخرين,9
وعشرين,9
والمستخدمين,9
الحسبان,9
مبين,9
نظامين,9
الكتمان,8
يعملان,8
الظاهرتين,8
الفلاحين,8
مستعينين,8
باحثين,8
ووهران,8
سرعان,8
للجان,8
الاولين,8
المسعفين,8
للمؤلفين,8
مستقلين,8
كونان,8
المفهومان,8
للاجئين,8
والموردين,8
بمضامين,8
باللسان,8
المتصوفين,8
بروكلمان,8
المحكمتين,8
والفاعلين,8
قران,8
متعاملين,8
مستعرضين,8
وعين,8
والمحللين,8
البرلمانيتين,8
وسليمان,8
والمتصوفين,8
روبين,8
زيدان,8
تيارين,8
المغربين,8
مرين,8
ولجان,8
مشيرين,8
للمراجعين,8
المتداخلين,8
وجهان,8
نبين,8
وبلدان,8
سبيرمان,8
احضان,8
تيقنتورين,8
والمدرسين,8
الحديثين,8
الجدران,8
والمخططين,8
فصلين,8
بوسليمان,8
الفيلسوفين,8
استعان,8
لاحتضان,8
الاتزان,8
المبتدئين,8
يرتبطان,8
المتكافئتين,8
النظريتين,8
ادمان,8
المعين,8
المبتكرين,8
للسان,8
لاتقان,7
دوران,7
والسلطان,7
المتدخلين,7
مسالتين,7
ويتعين,7
الرتبتين,7
وتلقين,7
للمحاسبين,7
الزمكان,7
بالسودان,7
للعالمين,7
مسجلين,7
صورتين,7
كردفان,7
الشعبين,7
والاحسان,7
تشكلان,7
هدفين,7
بالتامين,7
وجدان,7
والمجتهدين,7
المرقين,7
المادتين,7
بالموردين,7
والمتلقين,7
والمستضعفين,7
يسهمان,7
المرسومين,7
لدين,7
سعدان,7
بالمضامين,7
ومضامين,7
والمساهمين,7
للمكلفين,7
المرتحلين,7
معيارين,7
المتوفين,7
الحجارين,7
قبيلتين,7
فريقين,7
يعززان,7
ثلاثين,7
عشرين,7
بامان,7
منطلقين,7
افغانستان,7
اجمعين,7
بالبطلان,7
الفنانين,7
الشعريتين,7
مهمين,7
والائتمان,7
والدائنين,7
الاذهان,7
مجالان,7
خمسين,7
المرؤوسين,7
والمحاسبين,7
المقترضين,7
صوتين,7
والمرسلين,7
الفقيهين,7
للمحبوسين,7
الكاتبتين,7
وممارسين,7
واتقان,7
متميزين,7
اساسين,7
للعمران,7
يونجمان,7
المحكمين,7
فيتامين,6
والمصنعين,6
ومعلمين,6
زمنيتين,6
معاقين,6
نسقين,6
بالامان,6
مرتبطان,6
يعكسان,6
مستفيدين,6
نمطان,6
والبحرين,6
للمزارعين,6
والاخرين,6
لعثمان,6
الستين,6
المطلوبين,6
مرشحين,6
والتقنين,6
المستاجرين,6
لقمان,6
والمكلفين,6
والمشردين,6
ورجلان,6
للمترجمين,6
الضفتين,6
باكستان,6
تلعبان,6
لمعان,6
اجنبيتين,6
والاتقان,6
للمجموعتين,6
للسالكين,6
للبرلمان,6
مصدرين,6
عينتين,6
الجهتين,6
ومؤشرين,6
النشطين,6
الاربعين,6
باتقان,6
بالايمان,6
محددين,6
بزمان,6
مابين,6
المؤهلين,6
بالعين,6
ريالين,6
الامبراطوريتين,6
السياستين,6
يقطين,6
الديانتين,6
الامريكتين,6
طبقتين,6
ومفكرين,6
المضرورين,6
يتجهان,6
المشتركين,6
جولمان,6
للمشاهدين,6
متربصين,6
الموازين,6
جزين,6
للامان,6
حكمين,6
للمبشرين,6
معينين,6
بالجنين,6
متلازمين,6
بالشان,6
وحنان,6
نوعان,6
والصين,6
الادمان,6
الاذعان,6
البيرين,6
والميزان,6
الباحثتان,6
المؤيدين,6
شقين,6
تمثلان,6
اللاحقين,6
اهريمان,6
الناقلين,6
فرضيتين,6
المجتمعين,6
الماكثين,6
والبطلان,6
ليمان,6
لدان,6
العنصرين,6
المحبوسين,6
الدوران,6
يستهان,6
للمسيرين,6
امكان,6
للجنين,6
مترابطان,6
محترفين,6
بلسان,6
مدرسين,6
مدربين,5
تاريخيتين,5
مسلمين,5
للمحدثين,5
والمفتشين,5
للمسافرين,5
والمتفوقين,5
المخلصين,5
للمسنين,5
للفنانين,5
للممرضين,5
الاطمئنان,5
المعارضين,5
مشهورين,5
بالمتعاقدين,5
الهدفين,5
المدخرين,5
البيئتين,5
حقين,5
وتستعين,5
للزوجين,5
المنظرين,5
مشاركين,5
الفصلين,5
لونجمان,5
واللسان,5
ليونجمان,5
وسيلتين,5
احسان,5
للمربين,5
متواجدين,5
والمشتغلين,5
هاتان,5
العصرين,5
اختبارين,5
مستغلين,5
والمنافسين,5
للتهجين,5
بريملان,5
المشتغلين,5
البنكين,5
المجلسين,5
اليابان,5
السجلان,5
الكفايتين,5
لاجئين,5
لمكان,5
اساسيتان,5
متباينين,5
للمعاقين,5
والمتميزين,5
سؤالين,5
متعارضين,5
فقرتين,5
مترابطين,5
ومجموعتين,5
مؤمنين,5
المتطرفين,5
لجبران,5
المعجبين,5
التدخين,5
بالمكلفين,5
معسكرين,5
المرتكبين,5
الرنين,5
الناقدان,5
جزائريتين,5
والعمران,5
المجيزين,5
وبراهين,5
اجتماعيتين,5
الامريكيتين,5
والمعاصرين,5
الراغبين,5
سنان,5
الثمين,5
التقنين,5
والبالغين,5
وممثلين,5
المصلحتين,5
والمحترفين,5
خراسان,5
التوجهين,5
المتعلقين,5
للمتغيرين,5
عهدين,5
نفطيتين,5
ومؤسستين,5
ومتجانستين,5
حنان,5
لتبين,5
الثلاثين,5
والمرشدين,5
المذكورين,5
عالمين,5
للمقترضين,5
المقياسين,5
متباينتين,5
الاجلين,5
للمخترعين,5
تخزين,5
والقائمين,5
ماكلوهان,5
للمبدعين,5
المعروفين,5
برلمان,5
الهيكلين,5
كانسان,5
معبرين,5
والمبتدئين,5
مهتمين,5
للمكفوفين,5
وزمان,5
جنان,4
وزيدان,4
والمراقبين,4
متناقضين,4
للمضرورين,4
بمرحلتين,4
والامكان,4
المجددين,4
مكونين,4
نهجين,4
معروفين,4
وتلمسان,4
تابعين,4
التيارين,4
تساهمان,4
والاقران,4
عقدين,4
الروايتان,4
الاوكسجين,4
متداخلين,4
ومختلفين,4
فئتين,4
الدهان,4
والمجودين,4
للفلاحين,4
والمشاهدين,4
المتامرين,4
الفارين,4
بالمسلمين,4
للمدققين,4
معتبرين,4
ضابطين,4
لتقنين,4
طريقتين,4
المستضعفين,4
بالمستهلكين,4
التجربتين,4
المتخاصمين,4
بهذين,4
للمتعاقدين,4
كوبرتان,4
والمعارضين,4
مجتمعين,4
القطان,4
الالمان,4
دفين,4
تؤثران,4
واللجان,4
الطريقتين,4
والمصلحين,4
القصاصين,4
المنتفعين,4
النسرين,4
المتفرجين,4
مؤثرين,4
بمعان,4
محكمين,4
وسكان,4
اللاتين,4
وحدتين,4
التمرين,4
المشترين,4
وهذان,4
مؤشرين,4
الروتين,4
والان,4
للسياستين,4
المعتبرين,4
والمهاجرين,4
ومختصين,4
كمكان,4
ايمان,4
كعنصرين,4
كوزلين,4
مورغان,4
الواقعتين,4
والمشاركين,4
مديرين,4
وتسعين,4
لتضمين,4
النموذجين,4
كميدان,4
للكاتبين,4
والمراجعين,4
بالزمان,4
التوطين,4
للمحتاجين,4
الشكلين,4
الادبين,4
فرعين,4
راسين,4
للمنتجين,4
للخريجين,4
المستجيبين,4
ابتدائيتين,4
بارزتين,4
مبرزين,4
المتحاورين,4
متماثلين,4
متقاربين,4
مكملين,4
الاقدمين,4
وقادرين,4
المدروسين,4
المكونين,4
دقيقين,4
السامين,4
الفاتحين,4
للمبتدئين,4
متاثرين,4
والمبتكرين,4
المسافرين,4
والازمان,4
للمستوطنين,4
والمؤلفين,4
سيبرمان,4
بالسكان,4
جديدين,4
يتفقان,4
العملين,4
مقران,4
والمتداولين,4
يوجين,4
ومفسرين,4
مهارتين,4
ركنين,4
اربعين,4
والفزان,4
زاويتين,4
المطورين,4
تدين,4
مهمان,4
بالامكان,4
المساجين,4
المتماثلين,4
الخطيبين,4
بالمواطنين,4
للمستشرقين,4
الصبان,4
متوسطتين,4
البنين,4
وظيفتين,4
هجين,4
رومان,4
لامتحان,4
المبشرين,4
والمقهورين,4
بسكان,4
منخرطين,4
المقارنين,4
والضعيفين,4
واحتضان,4
بلبنان,4
يختلفان,4
مجمعين,4
مصارعين,4
لتمارين,4
والامين,4
دائمين,4
اليمين,4
القسمين,4
خطين,4
للدولتين,4
للايمان,4
الزجالين,4
المفاوضين,4
الدفين,4
ومستثمرين,4
بالاعلان,4
والصرافين,4
سابقين,4
خلكان,4
مختارين,4
المتفاعلين,4
التخزين,4
ووهان,4
الشخصيتين,4
لهاتين,4
موضوعان,4
فالانسان,4
والخطاطين,4
والمصممين,4
متناولين,4
الوسيلتين,3
الوسيلتان,3
المحررين,3
مبينين,3
مسارين,3
اللسانين,3
المنومين,3
الدراستين,3
نكران,3
للروايتين,3
للسلطان,3
لليقين,3
بنين,3
السوقين,3
والمقرضين,3
بالزوجين,3
المتسربين,3
للاركان,3
الدراستان,3
المنصرين,3
منفصلين,3
جانبان,3
لموباسان,3
للعرفان,3
اليتين,3
لللاعبين,3
للمجتهدين,3
للمتحدثين,3
ضربين,3
للبالغين,3
فنان,3
يقومان,3
لبلدان,3
والحديثين,3
للبلدين,3
والتحصين,3
ومحللين,3
وحرمان,3
وستين,3
التدين,3
الدفتران,3
بارزان,3
بتثمين,3
للكثيرين,3
بمدين,3
للمقاولين,3
فرسان,3
القادران,3
مستقلتين,3
والثلاثين,3
يدين,3
واركان,3
مكلوهان,3
كمؤرخين,3
وموظفين,3
اوزان,3
المشجعين,3
والضمان,3
بارزتان,3
والمجرمين,3
حطين,3
اريمان,3
للمترشحين,3
الفنين,3
حاملين,3
للمفكرين,3
يعتمدان,3
حربين,3
وافغانستان,3
السامعين,3
مجسدين,3
متناسين,3
دراستين,3
الموردين,3
المختارين,3
يكملان,3
متناقضتين,3
ومفتشين,3
المحاربين,3
لعينتين,3
عانين,3
مستهلكين,3
ظاهرتان,3
المكثرين,3
كاليتين,3
المدينتين,3
المخبرين,3
ومواطنين,3
قابلين,3
بالمسجونين,3
مختارتين,3
مجرمين,3
يتلقين,3
الاثنان,3
بالمجموعتين,3
واوزان,3
التجريبيتين,3
والزمكان,3
المتين,3
اقتران,3
مواطنين,3
مهمتين,3
مصطلحين,3
المحرومين,3
المنظمين,3
المؤسستان,3
لكتابين,3
امران,3
ساعين,3
المراقبين,3
وتقنين,3
مبدعين,3
ولاعبين,3
كعاملين,3
نقيضين,3
المتسببين,3
وتثمين,3
البراهين,3
الفكرين,3
الكاتبان,3
موضوعين,3
كفرعين,3
المجتهدين,3
لاعلان,3
والمتمدرسين,3
لانسان,3
علمين,3
والتامين,3
والالبان,3
خدمتين,3
ولسان,3
تزفطان,3
السؤالين,3
بومدين,3
بالمحامين,3
كمشاركين,3
اوطان,3
المزودين,3
مظهرين,3
يتطلبان,3
عاطلين,3
وموباسان,3
والمفتين,3
فعالين,3
متداخلان,3
المدانين,3
يستخدمان,3
متلقين,3
هامين,3
للمهندسين,3
المتنازعين,3
بالحنين,3
والرسامين,3
والبرلمان,3
المذكورتين,3
فصيلتين,3
يتداخلان,3
الصورتين,3
يتناولان,3
قانونيتين,3
بالتدخين,3
وارجلان,3
جبين,3
للمظلومين,3
متعلمين,3
التراثين,3
واللذان,3
بالباحثين,3
عمليتان,3
خريجين,3
نشطين,3
مرخصين,3
والمران,3
للاحسان,3
المستجوبين,3
تجربتين,3
كرمان,3
المنتمين,3
للمؤمنين,3
وسبعين,3
والمنفذين,3
فالدين,3
للقاصرين,3
امرين,3
للمدرسين,3
وجان,3
والهيجان,3
الناتجين,3
والاطمئنان,3
وتضمين,3
يهدفان,3
والفاتحين,3
المتمكنين,3
بالمفاوضين,3
والمراهقين,3
ومتداخلتين,3
واثنتين,3
سنين,3
يشيران,3
يوفران,3
المؤثرين,3
الدائمين,3
للمحققين,3
المفسدتين,3
للمثقفين,3
والمستعملين,3
تتمتعان,3
ووجدان,3
المستوطنين,3
واعلان,3
دولتين,3
اعين,3
متكاملان,3
يظهران,3
المصارعين,3
التاريخيتين,3
متبعين,3
والمؤمنين,3
المناسبين,3
المزارعين,3
والتخزين,3
الجيران,3
وثلاثين,3
والمرقين,3
مجبرين,3
المتزوجين,3
للموثقين,3
مدعومين,3
مؤلفين,3
واهريمان,3
المانعين,3
النسقين,3
الاحتضان,3
الفضاءين,3
لعزالدين,3
يتكاملان,3
يؤرخان,3
المصنعين,3
كوسيلتين,3
ومحامين,3
الساحتان,3
كبيرين,3
للفاعلين,3
الفلسفتين,3
ويستعين,3
بالضمان,3
دافعين,3
ضابطتين,3
الافران,3
المقاومين,3
ولتامين,3
الحزين,3
منفذين,3
والراجلين,3
منتخبين,3
لسليمان,3
متصلين,3
شرطين,3
كمحركين,3
عامين,3
التطبيقين,3
مستخلصين,2
بنيتين,2
بالعالمين,2
الشقين,2
مشتركين,2
الداعمين,2
والمستمعين,2
ومتبادلين,2
البائعين,2
كمثالين,2
مستمرين,2
مقترحين,2
اتجاهان,2
مهاجرين,2
وحنين,2
المسوقين,2
والتمدين,2
لروايتين,2
الرئيسيتين,2
الممثلين,2
موردين,2
المدعين,2
غافلين,2
يطلبان,2
ظلامتين,2
الاقتصاديتين,2
والمشغلين,2
منطقتين,2
يساعدان,2
القيمتين,2
والميادين,2
الشرطين,2
الفيلسوفان,2
يقدمان,2
مصلحتان,2
القديسين,2
الاثرين,2
للمستاجرين,2
لتثمين,2
استبان,2
الفلان,2
باللجان,2
ودرجتين,2
الجليلين,2
باللغتين,2
تنبعان,2
المنتظمين,2
لمجموعتين,2
مستهدفين,2
بالمستوطنين,2
القرءان,2
للنورمان,2
بردان,2
مهارتان,2
والمحيطين,2
المسؤوليتين,2
الاوروبين,2
للصليبين,2
الملوثين,2
للمنتفعين,2
للمقياسين,2
سلالتين,2
مترجمين,2
الفقدان,2
العنان,2
الجبهتين,2
مستمدين,2
والمزارعين,2
وجهين,2
السعران,2
واللذين,2
القراءتين,2
معتقدين,2
المتواجدين,2
للوافدين,2
والوافدين,2
ورهان,2
مكين,2
بفرعين,2
تعبران,2
وتظهران,2
ويعتبران,2
الزيانين,2
المندوبين,2
كبعدين,2
العاشقين,2
ناحيتين,2
رئيسيتان,2
والحرمين,2
المطلعين,2
المتعاطفين,2
ومديرين,2
سرطان,2
المظلومين,2
للمالكين,2
الممولين,2
والصليبين,2
للايالتين,2
السائحين,2
مترادفين,2
متخذين,2
ولتحسين,2
والناشرين,2
ناطقين,2
والاوزان,2
المجيبين,2
للمستعمرين,2
للناجين,2
المقولتين,2
الشهيرتين,2
والقابلين,2
واستعان,2
تقومان,2
ازمتين,2
المقصودين,2
متصوفين,2
يدلان,2
والقادمين,2
الوارثين,2
وغيليزان,2
للمرضين,2
داعين,2
سربان,2
القادمين,2
حاسمين,2
يلجان,2
دحمان,2
والمتحكمين,2
للمعوزين,2
مبان,2
المشرقين,2
البراكين,2
باللاعبين,2
ثمانين,2
العازفين,2
بالاطارين,2
الناشرين,2
لباختين,2
للمصارعين,2
مصلحتين,2
والمتقاضين,2
استبطان,2
للعين,2
منافسين,2
ممارسين,2
للمدين,2
للمتضررين,2
وخراسان,2
المقاربتين,2
لسلطتين,2
للناقلين,2
ليبين,2
الامرين,2
المخترقين,2
عزالدين,2
للمسوقين,2
لسببين,2
حزين,2
متحدثين,2
القوتين,2
الاسلاميتين,2
ومارتين,2
متمدرسين,2
المستغيثين,2
الطواحين,2
للمتفرجين,2
المعتقلين,2
الناجين,2
المنتسبين,2
الايتين,2
بشقين,2
المترشحين,2
المكتشفين,2
ماعين,2
للمحللين,2
للمفتين,2
متتبعين,2
سميمان,2
محاسبين,2
كونيتين,2
اللايقين,2
وباحثين,2
المروجين,2
الوضعين,2
النظرتين,2
عظيمين,2
سياقين,2
المتمثلتين,2
العائدين,2
تشرين,2
للمودعين,2
والمودعين,2
الحاصلين,2
نابعين,2
المصرفين,2
لواسين,2
والشاحنين,2
بالسرطان,2
بالرنين,2
مخطوطتين,2
كالمنخرطين,2
والمتعاطفين,2
بالاذهان,2
كامين,2
موازين,2
والمبدعين,2
الطرحين,2
الظاهرتان,2
مستعملين,2
ثمين,2
كمسلمين,2
كمبدعين,2
مصرفين,2
للحنين,2
بالذين,2
رائدتين,2
ومتخصصين,2
الضررين,2
المشكلتين,2
المتطاولين,2
ونبين,2
المتمردين,2
المستعبدين,2
المهربين,2
القطبين,2
متناقضان,2
نسختين,2
والمسوقين,2
لجانبين,2
التلمسان,2
الاستعماريتين,2
محتملين,2
للائتمان,2
لنبين,2
ومنتجين,2
امعان,2
يتعلقان,2
المثبتين,2
بافغانستان,2
والمستقرين,2
المستمرين,2
والمنكرين,2
المرسلين,2
الجزائرين,2
تتعلقان,2
والحسين,2
والمستعمرين,2
مدفوعين,2
شخصيتان,2
لالنسان,2
متعارضتين,2
ومبحثين,2
ومدرسين,2
الفائزين,2
الاتفاقيتين,2
للقرنين,2
والاركان,2
عائلتين,2
الحالتان,2
تظهران,2
بالصين,2
مستلهمين,2
للمفسرين,2
طرخان,2
مضمرين,2
بالطين,2
القصتين,2
خاصين,2
متميزتين,2
يصارعان,2
للمحترفين,2
والمخاطبين,2
للمسترشدين,2
والعارفين,2
للجانبين,2
اللتان,2
بالمستخدمين,2
مشرحين,2
المثلين,2
الموجودان,2
يتقاطعان,2
متدربين,2
والعرفان,2
بالطورين,2
الجزين,2
نظريتين,2
املين,2
مشاهدين,2
الرافضين,2
وتوطين,2
يشتركان,2
للمصلحين,2
الوظيفتين,2
جنسين,2
والمحكومين,2
والمظلومين,2
والمسنين,2
مرتبطتين,2
لتوطين,2
متجاهلين,2
وحدان,2
المرموقين,2
المبحثين,2
مازفران,2
للمعتدين,2
ارتهان,2
مائتين,2
مرتبطين,2
واثنين,2
العمليتين,2
الشاحنين,2
والفنانين,2
تحصين,2
وتماسين,2
وثمانين,2
والمضرورين,2
كلمتان,2
لرولان,2
يتشاركان,2
قصتين,2
ساعتين,2
بادمان,2
للمصنعين,2
الواقعين,2
والممولين,2
المزيفين,2
بفقدان,2
وترجمان,2
لمرتين,2
متبرعين,2
فصيلتان,2
الفائدتين,2
يحتاجان,2
مرجعين,2
يسمحان,2
مدخرين,2
فعالتين,2
منتجين,2
بهاتين,2
المتعارضين,2
المدان,2
غيران,2
للقطاعين,2
قانونين,2
المهانين,2
لتلقين,2
معرجين,2
متضادتين,2
سنبين,2
سلطتين,2
بالمندوبين,2
والتمارين,2
مفسرين,2
الميزانين,2
روتين,2
يتفاعلان,2
الاداتين,2
والمكتشفين,2
النورمان,2
التابعين,2
ببين,2
للراغبين,2
السالمين,2
الرومان,2
يصلحان,2
المتنوعين,2
وسلطان,2
ومدربين,2
سبعين,2
اساطين,2
والمشتركين,2
الحقلين,2
لعقدين,2
متشابكين,2
معترفين,2
والبروتين,2
والمرؤوسين,2
مشكلتين,2
مباشرين,2
للوجدان,2
والمترجمين,2
الحكمين,2
متبنين,2
للمرشحين,2
المؤشرين,2
المقربين,2
تاركين,2
متكاملتين,2
غيليزان,2
الصاعدين,2
قاصدين,2
مساهمين,2
مفهومان,2
المحاكمتين,2
وميلان,2
المفتشين,2
للمذهبين,2
التحصين,2
للتجربتين,2
وضابطتين,2
التخمين,2
برنامجين,2
المتعاونين,2
والشان,2
الشهيرين,2
الامامين,2
متمايزتين,2
المقتنين,2
والاتزان,2
قياسين,2
للمقاتلين,2
بالتمكين,2
ابين,2
المناضلين,2
الداخلين,2
ناجمين,2
الخالقين,2
فيلسوفين,2
للمصدرين,2
قرنين,2
مسهمين,2
للتمكين,2
والمجانين,2
الرسامين,2
لفلسطين,2
والاسبان,2
والمتخلفين,2
والخريجين,2
باثمان,2
فتبين,2
خاضعين,2
للنظامين,2
النموذجان,2
بميدان,2
الدولتان,2
مميزين,2
المتعمقين,2
للقارئين,2
والادمان,2
عاملان,2
للمنفذين,2
الصناعتين,2
المتداولين,2
ستبين,1
ويستعان,1
محامين,1
وتقومان,1
تشتركان,1
طبعتين,1
والناشئين,1
يحولان,1
ومرنين,1
واثقين,1
ثمان,1
للمشرفين,1
المبين,1
التوزان,1
طهران,1
بسيطين,1
الصيغتين,1
المقومان,1
البعيدين,1
المتدربين,1
المعتقدين,1
وتهان,1
للمرقين,1
واريمان,1
ريفين,1
والتخمين,1
للمواطين,1
المحضرين,1
والمبلغين,1
والارتهان,1
سكونيتهافان,1
ملتحمان,1
بالجيران,1
الناجمين,1
لبرلمان,1
فنانين,1
مدرجين,1
للمتمدرسين,1
مشجعين,1
الملتزمين,1
تلين,1
كمهاجرين,1
والاحتضان,1
للتيسيران,1
ميتين,1
وضعين,1
بواقعين,1
الذوبان,1
ودرجتان,1
وهاتين,1
والمؤجرين,1
السليمين,1
العابدين,1
الخطابين,1
بوارجلان,1
طالبين,1
التاريخين,1
النازحين,1
متعايشين,1
بمواطنين,1
المنهجيتين,1
تامتين,1
مقولتين,1
شهيرتين,1
بالزمكان,1
والزان,1
المعادين,1
والمستاجرين,1
لسلطان,1
الاميران,1
والمفاوضين,1
الامريكيتان,1
الاجنبيتان,1
للمبيضين,1
ثقافتين,1
العربيتين,1
مصطلحان,1
الاعبين,1
متواصلين,1
المتناقضين,1
تزين,1
بعمان,1
للمغتربين,1
وللانسان,1
مهملين,1
الساعين,1
يفترقان,1
الاوليحين,1
ناتجتين,1
المعينين,1
وتزين,1
مقارنتين,1
وناشطين,1
النظامان,1
احتقان,1
والمدافعين,1
الصنهاجين,1
والمعلقين,1
للمحكمين,1
المنفردين,1
تؤكدان,1
لازمان,1
واستحسان,1
واسعين,1
الفضائين,1
الفضاءان,1
واللاجئين,1
الجاهلين,1
للمستمعين,1
المستلمين,1
عشريتين,1
كمجرمين,1
بالغين,1
المنحرفين,1
الركنين,1
ولاكان,1
الاحتقان,1
للاستاذين,1
المشهورين,1
البديلين,1
والمهمشين,1
للمدانين,1
كمواطنين,1
الصوتين,1
يعترفان,1
السياحين,1
والوالدين,1
بالمنظرين,1
ومحورين,1
وبردان,1
تعريفين,1
الشعبتين,1
الواقفين,1
المتناظرين,1
فحين,1
لمفكرين,1
بسلطتين,1
المنبوذين,1
اوالدين,1
مسيجين,1
بالسؤالين,1
محددتين,1
كمدمنين,1
االخرين,1
استبيانان,1
ميدانين,1
منارتين,1
بالمتلقين,1
والمستعدين,1
الجغرافين,1
والمنهزمين,1
كالسودان,1
والذوبان,1
المتكررين,1
الكيانين,1
مفترضين,1
علميتين,1
والمتعاونين,1
الامدين,1
الارتهان,1
مشرفين,1
مبدئين,1
كمكانين,1
المنهاجين,1
الشخصيتان,1
لمفهومين,1
ويعانين,1
ماهرين,1
للوثيقتين,1
يعبران,1
ومترابطين,1
يسيجان,1
والزوجين,1
المحافظين,1
اللامتناسبين,1
اهرمان,1
يصبحاالنسان,1
فالقوانين,1
المناوئين,1
تيغنتورين,1
المتقاعدين,1
لحسين,1
التزامين,1
مستثمرين,1
محدودان,1
متصارعتين,1
بالبراهين,1
لراسين,1
مدعين,1
المسئولين,1
لمسؤولين,1
للجنسين,1
والمسافرين,1
والمكتبين,1
الاقصوصتين,1
لغويتين,1
اللغويتين,1
الاعين,1
ومستشرقين,1
المتجاوزين,1
لرومان,1
يقين,1
للمكتبتين,1
بارعين,1
اطارين,1
مهندسين,1
باحسان,1
المكتسبان,1
حاسمتين,1
شاهقتين,1
بموازين,1
الاقليمين,1
بتمكين,1
بالولدان,1
للمدرستين,1
واثنتان,1
اجنبيتان,1
الاجنبيتين,1
جزائرتين,1
يتربعان,1
قمتين,1
رجلان,1
الادبيتين,1
وعمران,1
فهماالتزامان,1
واقتران,1
للموحدين,1
الكتابان,1
واخذين,1
المهنين,1
للحرمان,1
الظاهرين,1
الفاشلين,1
فستان,1
لغتين,1
المصنفين,1
المؤشران,1
والمسترشدين,1
والاحتقان,1
اللاتوزان,1
والقاصرين,1
بالسلطتين,1
يناقشان,1
سلاحين,1
المتفاوضين,1
المحوران,1
القدمين,1
ويتطلبان,1
للمستشرفين,1
والمستكشفين,1
والناقلين,1
ادران,1
متطلعين,1
بالعاملين,1
الحاسمتين,1
كالقانونين,1
الجرمين,1
وملتزمين,1
والفرعين,1
متميزان,1
الجمعين,1
قريبين,1
وتلحين,1
الترتيبين,1
الهيئتين,1
الاتيتين,1
ويوطدان,1
وحين,1
مستترين,1
ضخمين,1
والناطقين,1
فالفنان,1
المختلفتين,1
لاحسان,1
لاثنين,1
ملمين,1
لنظامين,1
والهجين,1
هامتين,1
التقليدتين,1
كمبتكرين,1
ورائدين,1
والمتبرعين,1
دوليتان,1
تلكمالميادين,1
المداهنين,1
الحرفين,1
للمفاوضين,1
الصفين,1
مفضلين,1
المرافقين,1
شكلان,1
المداومين,1
ومتدين,1
جديدتان,1
المحكمتان,1
كمرجعيتين,1
اصليتين,1
والمساعدين,1
ومساهمين,1
هاذين,1
ومفيدين,1
المتحمسين,1
واليونان,1
حتضان,1
وموزعين,1
الواحدوالعشرين,1
كمقاتلين,1
بقياسين,1
بالبرهان,1
معينهكالحرفين,1
لفظتين,1
الظالمين,1
للمصممين,1
محكمتان,1
بابطين,1
والمغفلين,1
والممثلين,1
والمطلعين,1
المتكاملتين,1
سنستعين,1
مخلصين,1
المؤلفان,1
المحددان,1
وارثين,1
المسفدين,1
لمؤلفين,1
بالاقتصادين,1
فرعيتين,1
والفقدان,1
نافعين,1
الخالان,1
الدفترين,1
الحقلان,1
الميدانين,1
القصيرتين,1
بالجانبين,1
المتنبئين,1
الجيدين,1
ومؤرخين,1
ليبرمان,1
ارتقين,1
مستشرقين,1
صفحتين,1
والمحددين,1
والمناضلين,1
محدودين,1
المزرعين,1
المنسوبين,1
جبان,1
ستين,1
مدارين,1
فالقران,1
العالقين,1
والمنظمين,1
المشروعان,1
يضيفان,1
مذهبين,1
والجنين,1
المعيارين,1
منهجيتان,1
تسهمان,1
وتقدمان,1
المتوهمين,1
تمرين,1
كالاسبان,1
اسبوعين,1
للمخبرين,1
للمحامين,1
المحلفين,1
مصنفين,1
الالتزامين,1
العقوبتين,1
البنائين,1
بالمدققين,1
الاجتماعين,1
رجحان,1
واضحين,1
نمطين,1
للمحاربين,1
متلاحمين,1
لمهارتين,1
بالسنين,1
متعاونين,1
التعبيرين,1
المتمتعين,1
لمحورين,1
وفصلين,1
المهمشين,1
الكلمتين,1
والرنين,1
كاتبان,1
المصممين,1
واعين,1
المعلنين,1
المتغيرتين,1
وسنبين,1
متغاضين,1
سودان,1
المهمين,1
للسنين,1
المتخصصتين,1
المخطوطين,1
للمنهجيتين,1
متلازمان,1
بالمرابطين,1
مشيدين,1
التدجين,1
مراجعين,1
لاذهان,1
تخمين,1
تستكشفان,1
المتراسلين,1
اميرين,1
محاورين,1
لوحتين,1
تحملان,1
النافذين,1
ولتثمين,1
الحركتين,1
المشغلين,1
الوهران,1
بلوحتين,1
ينتجان,1
عاليتين,1
بايران,1
صياغتين,1
بالحركتين,1
البستان,1
كموظفين,1
المتضادين,1
اصلين,1
ومتداخلين,1
الموقفين,1
افتراضين,1
الاتجاهان,1
بطلين,1
كمراسلين,1
ومتلقين,1
لفنانين,1
الغيورين,1
الواعين,1
ومشرعين,1
دعامتان,1
بتوطين,1
كالبالغين,1
وضابطتان,1
والمتكلمين,1
وماكلان,1
يمتلكان,1
للفرسان,1
ولتمكين,1
متباينان,1
بالديانتين,1
السماويتين,1
البرلمانين,1
المهارتين,1
دلالتين,1
واملسلمين,1
الرقابتين,1
ينتمين,1
والمتفتحين,1
الدورين,1
بجانبين,1
القانونان,1
ولماكان,1
مغاربيتين,1
يتشابهان,1
الشعرين,1
قرين,1
يطرحان,1
بباكستان,1
والخاصين,1
توزان,1
رئيستين,1
محان,1
باعلان,1
مترابطتان,1
الاقتران,1
مدمجين,1
ومشرفين,1
والمقابلين,1
النادين,1
مطبقين,1
المخطوطتان,1
لايستهان,1
جازمين,1
كعين,1
متعارضان,1
المستعدين,1
والولدان,1
مكونتين,1
لكونان,1
ومدين,1
تجريبيتان,1
الرحالين,1
المجموعتان,1
المتنقلين,1
العنوانان,1
اصفهان,1
مساعين,1
مولعين,1
سبييرمان,1
الدينين,1
المحددين,1
المنشورين,1
الحاضرين,1
والافانين,1
الاستبطان,1
نورالدين,1
عاكسين,1
كالطيران,1
للمدينين,1
لاركان,1
عملين,1
متوسطين,1
متجددتين,1
نقطتين,1
كداعمين,1
مستقطبين,1
لنتبين,1
والاحزان,1
دافعان,1
مسوقين,1
يتخذان,1
متلازمتان,1
مرددين,1
يندمجان,1
مدلولين,1
مثالين,1
فريقان,1
لتلمسان,1
جزءان,1
المحظوظين,1
ساستعين,1
موجودين,1
يباشران,1
المحكومين,1
جديرين,1
ناجين,1
خبيرين,1
والنقصان,1
سباقين,1
وللمواطنين,1
والمتجردين,1
الالهين,1
المستغرقين,1
يكتنفان,1
للاسكان,1
مشكلين,1
مطاردين,1
تساؤلين,1
راجين,1
طرفان,1
باوزان,1
متاصلان,1
مستعربين,1
قسمان,1
والمسجلين,1
منفذتين,1
كالقوانين,1
كزمان,1
المبهرين,1
والدراسين,1
المستشارين,1
نظريتان,1
تحاولان,1
متماثلتين,1
المتغيران,1
اوغستان,1
الاقربين,1
ويعكسان,1
فهذان,1
الاخيران,1
المتعارضتين,1
منتبهين,1
يسعين,1
مثلان,1
متضامنين,1
مستقلان,1
الحيزين,1
فالمكان,1
السببان,1
الرئيسان,1
مسلطتين,1
فبين,1
تقليدان,1
اللفظين,1
صادقين,1
والمتفاعلين,1
للمخالفين,1
المحضونين,1
للناحيتين,1
المغمورين,1
ومعاصرين,1
منحطين,1
منحين,1
والمؤيدين,1
مكتشفين,1
اوغيستان,1
والدكاكين,1
للمتحابين,1
بالمعاقين,1
اتساقيتين,1
نصيتين,1
يملان,1
الحاضنين,1
والمؤهلين,1
كمحاسبين,1
لامكان,1
حقان,1
كمساهمين,1
اثرين,1
ومستقرين,1
ومتحدثين,1
الشقيقين,1
والمشركين,1
حاسمان,1
التقليدين,1
فالزوجان,1
يدركان,1
الاوطان,1
وتزفطان,1
الصليبين,1
المفقودين,1
لسؤالين,1
العشريتين,1
المخطوطتين,1
للمخطوطتين,1
عالميتين,1
المنظومتين,1
والاكسجين,1
الفعالين,1
الفاسدين,1
القاطنين,1
الرئتين,1
للمريدين,1
بالهجين,1
مرنين,1
ومتكيفين,1
يسدان,1
المبادرين,1
والمطورين,1
كفاعلين,1
كمشتركين,1
فردين,1
بالناحيتين,1
النياشين,1
الراجلين,1
مراهقين,1
واللاحقين,1
قوتين,1
لهرتمان,1
مفوضين,1
ومرخصين,1
التعاونيتين,1
والمزودين,1
ماكثين,1
ليتبين,1
الدولهتين,1
بالخاضعين,1
والمحكمين,1
ممرضين,1
المذنبين,1
ناعتين,1
المرتبطين,1
البريدين,1
الواعدين,1
والمحبوسين,1
للمخاطبين,1
المتخزنين,1
والاذعان,1
وموجهين,1
وللاخرين,1
كايمان,1
محللين,1
المستعملين,1
للمحضرين,1
ومتعلمين,1
مندفعين,1
المستعربين,1
والمنضمين,1
لتحصين,1
عابرين,1
متجاوزين,1
متنافسين,1
المميزين,1
كاداتين,1
فاعلتين,1
المحورين,1
يتسمان,1
ويدين,1
معترضين,1
لبيرلمان,1
بنكيتين,1
اخذين,1
والمريدين,1
صورتان,1
كمحاضرين,1
ربان,1
رافضين,1
جبلين,1
بالموهوبين,1
لالانسان,1
المهيمنين,1
يرفعان,1
والملتحقين,1
والشفتين,1
متان,1
الازمتان,1
باحثان,1
قادرتان,1
كمعوقين,1
ولتقنين,1
والقبيلتين,1
تقدمان,1
منسقين,1
كمستثمرين,1
التصرفين,1
للتدين,1
لفساتين,1
بالبالغين,1
الصننهاجين,1
الموصوفين,1
ناقلين,1
كمشرعين,1
كبريئين,1
المترددين,1
وفقيهين,1
والمعدين,1
بالطرفين,1
تعانين,1
ومدركين,1
وراضين,1
ومتحمسين,1
ومعدين,1
الطموحين,1
المسرحين,1
كمراجعين,1
للاحتضان,1
اثنان,1
والاداتين,1
تتمثلان,1
جماعيتين,1
طوفان,1
مزودين,1
الكاتبتان,1
لمتحدثين,1
محكومين,1
وفنانين,1
الحدين,1
يقعان,1
والمحققين,1
النوعان,1
كخزان,1
نتبين,1
المرضين,1
السلامتين,1
والصحتين,1
الرجحان,1
والمستوردين,1
وبالامكان,1
موهوبين,1
مطلعين,1
ومحفزين,1
زقان,1
للهجين,1
ويظهران,1
قمان,1
والمستوطنين,1
صنفين,1
مبتدئين,1
والمتوسطين,1
مسيرين,1
انموذجان,1
الرجلين,1
لشيبان,1
المحوريتين,1
مختلفان,1
بالتعقيدين,1
للخطاطين,1
انتاجيتين,1
تتبين,1
الهجران,1
وتوجدان,1
المنصتين,1
الموقعين,1
النهرين,1
المؤسسين,1
بالمسؤولين,1
ولوكان,1
دراسيتين,1
وتتصلان,1
حورين,1
ومبدعين,1
بالمنشغلين,1
المتضاربتين,1
الحيران,1
السهران,1
كفوئين,1
واختبارين,1
يورغين,1
ببرنامجين,1
بالنموذجين,1
ومستعدين,1
المستدامين,1
تسعين,1
متماثلان,1
متداخلتين,1
الذيالقران,1
المفاهيمين,1
يسيران,1
لحالتين,1
الواضعين,1
كيانين,1
فلان,1
المخضرمين,1
بعملين,1
المستقلين,1
ظاهران,1
ولونجمان,1
والناخبين,1
مكتفين,1
منتقدمين,1
وغاضبين,1
للمزورين,1
للتمارين,1
الخاطفين,1
والتدخين,1
بالمالكين,1
للمرابطين,1
مبتكرين,1
للبطالين,1
وسلاطين,1
الاطاران,1
كتقنين,1
تيمين,1
اراءان,1
يتدين,1
البعدان,1
محفوظتان,1
بالبرلمان,1
الاكاديميتين,1
والموزعين,1
موجهين,1
يتناقضان,1
للمصابين,1
ويتناولان,1
باعثين,1
القائلين,1
يصبحان,1
تياران,1
لتخزين,1
مؤسسين,1
المغوقين,1
كمجالين,1
منفعلين,1
المجتمعان,1
للخاطفين,1
رحلتان,1
متميزتان,1
رؤيتين,1
الطاعنين,1
للكاتبتين,1
يواجهان,1
والالحان,1
قطبين,1
نيران,1
المعمرين,1
بالمحدثين,1
والمذيعين,1
واداتين,1
والجدران,1
المتعلقتين,1
قولين,1
البنزين,1
مهددين,1
للمتاثرين,1
لعملين,1
متحضرين,1
الرخصتين,1
يعيدان,1
للبراهين,1
المستقبلين,1
والمستقبلين,1
كعرضين,1
يفترضان,1
ووارجلان,1
منساقين,1
مرجعيتان,1
تتعين,1
الماواراجودران,1
النحاتين,1
الحكومتين,1
يزالان,1
مرتفعين,1
للمدخرين,1
جنسيتين,1
مجنستين,1
قيلان,1
باللاجئين,1
والمحاضرين,1
منشئين,1
والمتعاقدين,1
رئيسين,1
لمتعلمين,1
الوجهتين,1
متزامنين,1
للمنقذين,1
الوالدان,1
ناسين,1
عمليتين,1
يتنافسان,1
متتاليتين,1
المشمولين,1
كتابين,1
كالاعلان,1
عريضين,1
يتعايشان,1
كادائين,1
زوجين,1
والمقيمين,1
مضطرين,1
التثمين,1
ومستخدمين,1
والمخترعين,1
للزيبان,1
تسفطان,1
العاملان,1
ويران,1
وادلتاخرين,1
ادلتاخرين,1
ضربان,1
المبدئان,1
بسكاكين,1
ومتنوعهالنسان,1
تعملان,1
نصين,1
الموالين,1
كلاعبين,1
والمخالفين,1
الفالان,1
الرجلان,1
المحللين,1
كانموذجين,1
بمبان,1
الاديبين,1
فيتعين,1
الاميرين,1
المطالبين,1
المتكاملين,1
تحليلين,1
والحفصين,1
التنظيمان,1
التعريفين,1
كمخترعين,1
بالائتمان,1
ناقدين,1
متورطين,1
المسارين,1
القضاءين,1
معربين,1
مقاولين,1
بدين,1
بيمين,1
لللعان,1
كتقنيتين,1
حديثتين,1
للنموذجين,1
منتقين,1
تطبيقيتين,1
الاليتين,1
مفتين,1
الدقيقين,1
مدعمين,1
الاساسين,1
معروضين,1
ومتورطين,1
قضيتين,1
المسلجين,1
ومكافئتين,1
الزمنيتين,1
مخرجين,1
وبالدارسين,1
وسندان,1
بالمجالين,1
ومتفتحين,1
بالمتعاملين,1
وللجيران,1
اذعان,1
كاليونان,1
كمدافعين,1
مستانسين,1
جملتين,1
بفترتين,1
خياران,1
المخطئين,1
متعاضدين,1
متحيزين,1
جاهزين,1
ايذان,1
المنتشرين,1
ومتكافئتين,1
للمصلين,1
مقتصرين,1
يمتزجان,1
وعثمان,1
تعدين,1
المولودين,1
والمتمردين,1
ملتزمين,1
العهدين,1
المستقرين,1
يتولين,1
ومحكومين,1
كالخطيبين,1
الرتاثين,1
فضاءين,1
ومتفاوتين,1
للطائفتين,1
مستشهدين,1
للاوزان,1
يجنحان,1
ولايتين,1
كاشفين,1
كيفيتين,1
المتوسطين,1
مقترنين,1
وجيران,1
طائفتان,1
دينيتان,1
واحزان,1
لمورين,1
بالامعان,1
المهنتان,1
البردين,1
واطمئنان,1
يسلطان,1
الزورين,1
مؤيدين,1
طائفتين,1
مرشدين,1
للجيلين,1
ومؤثرين,1
بمفكرين,1
بوخنان,1
النظامتين,1
تمتلكان,1
كالزمان,1
والمجاهدين,1
المخطوبين,1
حنين,1
نادرين,1
المهمتين,1
مطلوبان,1
وشاهدين,1
يتباينان,1
كالحرمان,1
المستهدفتين,1
بالمستثمرين,1
مضيفين,1
ويشكلان,1
للمتورطين,1
وادان,1
لفقدان,1
بزوجين,1
والتعدين,1
وللعاملين,1
والمدانين,1
الساخرين,1
بالسياقين,1
منقسمين,1
والقادرين,1
لمصطلحين,1
للمصطلحين,1
والقرنين,1
للمقاومين,1
ويتبين,1
شخصين,1
موضعين,1
صامتان,1
متجاوران,1
للزمان,1
واذهان,1
الداعين,1
باللسانين,1
بالقلمين,1
يمنيتين,1
تعكسان,1
الوسيطان,1
وبجيران,1
والعلمين,1
بطريقتين,1
الساحتين,1
ياسمين,1
كركنين,1
وافتتان,1
وكانسان,1
قصيرتين,1
للشان,1
متوفين,1
وراغبين,1
للشاعرين,1
جاهدين,1
كوجهين,1
ويعتمدان,1
يبدين,1
للمخرجين,1
لينان,1
ومورجان,1
ومتعاملين,1
المتوازنين,1
الفرسان,1
والموازين,1
الجدليتين,1
المرتبتين,1
كالمعلمين,1
فهاتان,1
وبامكان,1
بنيتان,1
واتزان,1
ومان,1
هران,1
متكافئين,1
صوتيتين,1
للمتلقين,1
التساؤلين,1
والمصدرين,1
للمستهدفين,1
وكمنتجين,1
جوهرين,1
المستنيرين,1
والبان,1
المجربين,1
السالكين,1
والمهتدين,1
وتمارين,1
رمزين,1
اوزكان,1
رغبتين,1
القضيتين,1
رهين,1
كالقران,1
المغتصبين,1
نقديتين,1
وتجريبيتين,1
بالمتخصصين,1
بزيدان,1
المشروعين,1
للمرتفقين,1
تدريبيتين,1
لمفسرين,1
علمان,1
محتارين,1
المنان,1
فيبين,1
ثنائيتين,1
يتحققان,1
مكشفين,1
ماكان,1
التغيران,1
وتشكلان,1
وايمان,1
